action_id,account_id,health_score,risk_segment,recovery_strategy,email_draft,generated_at,action_status
,A-0a62f5,0.393,Critical,email,"Subject: Getting the Most from Your [Your Product Name] Experience

Hi [Customer Name],

We hope you're having a productive week.

As a valued [Your Product Name] user, we want to ensure you're maximizing the platform to achieve your key objectives, whether that's [mention a core benefit, e.g., boosting productivity, gaining clearer insights, or streamlining your operations].

Our goal is always to help you succeed, and sometimes a quick refresher or an exploration of less-used features can unlock significant new value. Many of our most successful users find great benefit in revisiting our [Link to specific resource, e.g., 'Tips & Tricks section'] or exploring features such as [Specific feature, e.g., 'Task Automation'] within their account.

We encourage you to take a moment to rediscover how [Your Product Name] can further enhance your workflow. Our comprehensive [Link to Help Center/Knowledge Base] is readily available with guides and insights to help you get the most out from your subscription.

We're committed to supporting your journey.

Best regards,

The [Your Company Name] Team",2026-03-11 11:50:09.627299 UTC,
,A-354f12,0.395,Critical,email,"Subject: Ensuring You're Maximizing Value from [Your Product Name] - Account A-354f12

Hi A-354f12,

We're reaching out to ensure you're fully leveraging your [Your Product Name] account. Our mission is to help you [briefly state core value proposition, e.g., streamline your operations, achieve your business goals, simplify your workflow].

We understand that getting the most out of any tool can take time. To assist you in uncovering [Product Name]'s capabilities, we encourage you to explore our [mention a specific, helpful resource, e.g., ""Quick Start Guide,"" ""Best Practices Library,"" or ""Feature Walkthroughs""]. These resources are designed to help you efficiently discover key functionalities and optimize your experience.

We are dedicated to your success and want to ensure [Your Product Name] is working effectively for you.

Best regards,

The [Your Company Name] Team",2026-03-11 13:17:54.922346 UTC,
,A-5b051a,0.389,Critical,email,"Subject: Unlocking More Value from Your [SaaS Product Name] Subscription

Hi [Customer Name],

We sincerely appreciate your partnership with [Your Company Name] and are committed to helping you succeed with [SaaS Product Name].

We're always looking for ways to ensure our valued users, including account A-5b051a, are fully leveraging all the capabilities our platform offers. Our aim is to help you streamline your work and achieve even greater impact.

To help you get the most out of your subscription, we recommend exploring these concise resources designed for quick wins:

*   **Quick Start Guide:** Master the essentials in minutes. [Link to Quick Start Guide]
*   **Top 3 Features for [Specific Benefit/Use Case]:** Discover powerful tools to [specific outcome]. [Link to Feature Guide/Best Practices]
*   **Productivity Hacks:** Simple tips to accelerate your workflow. [Link to Productivity Tips/Blog Post]

Our team is dedicated to supporting your journey and ensuring you experience the full potential of [SaaS Product Name].

Sincerely,

The [Your Company Name] Team",2026-03-11 11:47:43.465065 UTC,
,A-5c9849,0.367,Critical,email,"Subject: Unlocking More Value from Your [Product Name]

Hello [Customer Name],

We're reaching out to ensure you're getting the absolute most from your [Product Name] subscription. Our goal is to help you streamline your workflow, gain valuable insights, and achieve your objectives more efficiently.

To help you make the most of your investment and uncover features you might be missing, we've curated a few helpful resources:

*   **Explore Our Knowledge Base:** Find answers to common questions and discover step-by-step guides.
    [Link to Knowledge Base]
*   **Watch Our Latest Tutorials:** Learn how to leverage advanced features and best practices visually.
    [Link to Video Tutorials/Webinars]
*   **Discover Best Practices:** Get inspired by tips and tricks from successful users.
    [Link to Blog/Success Stories]

We're committed to ensuring your success with [Product Name] and are always working to improve your experience.

Best regards,

The [Your Company Name] Team",2026-03-11 11:49:44.785162 UTC,
,A-5c9849,0.361,Critical,email,"Subject: Maximizing Your Value from [Your SaaS Product Name] - Account A-5c9849

Dear Team at Account A-5c9849,

We're reaching out to ensure you're getting the most value from your [Your SaaS Product Name] subscription. Our systems indicate there might be untapped potential in how you're currently leveraging the platform.

To help you unlock the full power of [Your SaaS Product Name] and achieve your objectives, we encourage you to explore our comprehensive [Link to Resource Hub/Knowledge Base]. Many users find our quick-start guides and feature deep-dives, especially [Link to a specific 'getting started' guide or 'key features' article], helpful for discovering capabilities that can immediately enhance their workflow.

Your success is important to us, and we're committed to providing the tools you need to thrive.

Sincerely,

The [Your SaaS Company Name] Team",2026-03-20 11:52:53.781390 UTC,
,A-5c9849,0.378,Critical,email,"Subject: Checking in on your [Your Company Name] experience

Dear [Customer Name],

We're committed to ensuring you're getting the most value from your [Product Name] platform.

Our aim is to help you achieve your objectives as efficiently as possible. To support this, we've curated a selection of resources, including practical guides, feature spotlights, and best practice tips, designed to help you optimize your workflow and unlock further benefits.

You can easily explore these insights and enhance your [Product Name] experience at your convenience in our dedicated Help Center: [Link to Help Center/Key Resources].

Should you have any questions as you explore, please don't hesitate to reach out to our support team through our portal: [Link to Support Portal].

Warm regards,

The Team at [Your Company Name]",2026-03-30 09:56:17.683166 UTC,
,A-5f2961,0.362,Critical,email,"Subject: Tips to Get More from [Your Product Name] - Account A-5f2961

Dear [Contact Name],

We're reaching out regarding your account, A-5f2961, as we're committed to ensuring you achieve maximum value from [Your Product Name].

Based on our recent account review, we want to ensure you're fully leveraging all the powerful features available to you. Often, new users discover significant efficiencies by exploring specific areas more deeply.

To help you get the most out of your subscription, we've compiled a few key resources designed for quick adoption and deeper understanding:

*   **Quick Start Guide:** Jumpstart your workflows with our essential setup and first steps.
    [Link to Quick Start Guide]
*   **Discover Key Features:** Explore popular tools and functionalities that can significantly enhance your experience.
    [Link to Feature Highlights/Popular Use Cases]
*   **Best Practices for [Your Industry/Goal]:** Learn how top performers utilize [Your Product Name] to achieve their goals.
    [Link to Best Practices Article]

Our goal is to help you unlock the full potential of [Your Product Name] and make your experience as successful as possible. We encourage you to explore these guides at your convenience.

Should you have any questions as you delve in, please don't hesitate to reply to this email.

Sincerely,

The [Your Company Name] Team",2026-03-11 11:50:25.223176 UTC,
,A-5f2961,0.372,Critical,email,"Subject: Unlock More Value from Your [Your Product Name] Account

Hi [Customer Name],

We're committed to ensuring you achieve your desired outcomes and get the most out of your [Your Product Name] subscription.

We understand that fully integrating any new solution takes time, and sometimes the most impactful features can be overlooked in the initial stages. To help you maximize your investment and streamline your workflows, we've curated a few resources designed to highlight key functionalities and best practices.

We encourage you to explore:

*   **Quick Start Guides:** Essential steps to set up your account for optimal performance and efficiency.
*   **Core Feature Deep-Dives:** Uncover the full potential of features you might not be utilizing yet, tailored to common use cases.
*   **Success Stories & Tips:** Learn how other [Your Product Name] users are leveraging our platform to drive results.

These resources are available 24/7 in our comprehensive Help Center: [Link to Your Help Center/Knowledge Base].

Our goal is your success. We're here to support you in realizing the full benefits of [Your Product Name].

Best regards,

The [Your Company Name] Team
[Link to Your Company Website]",2026-03-20 11:54:00.785986 UTC,
,A-5f2961,0.381,Critical,email,"Subject: Ensuring You Maximize Your [SaaS Product Name] Experience

Dear [Customer Name],

We're reaching out as part of our commitment to ensuring you get the most value from your [SaaS Product Name] account. We want to make sure you're fully set up for success and leveraging our platform's capabilities to achieve your goals.

To help you unlock [SaaS Product Name]'s full potential, we've curated a few essential resources that many users find beneficial for getting started and discovering key features:

*   Our interactive **Quick Start Guide** to streamline your initial setup: [Link to Quick Start Guide]
*   A concise overview of **Top Features** to boost your early productivity: [Link to Top Features/Best Practices Article]

Our aim is to provide you with the tools and insights needed for a successful journey with us.

Best regards,

The [Your Company Name] Team",2026-03-30 09:57:15.977698 UTC,
,A-671f31,0.391,Critical,email,"Subject: Unlocking the Full Potential of [Your SaaS Name] - Account A-671f31

Dear [Customer Name],

We're delighted to have you as part of the [Your SaaS Name] community and appreciate your positive sentiment towards our platform.

Our goal is to ensure you're getting maximum value from your subscription. We've noticed you might not yet be fully leveraging all the features [Your SaaS Name] has to offer.

To help you achieve your goals and get the most out of your experience, we've curated a few resources designed for quick wins and understanding key functionalities:

*   **Getting Started Guide:** Our step-by-step walkthrough to set up your account and complete your first task quickly. `[Link to Getting Started Guide]`
*   **Feature Overviews:** Discover powerful features you might not know about that can streamline your workflow. `[Link to Key Features/Use Cases]`
*   **Best Practices Blog:** Learn tips and tricks from experts and other users to optimize your usage. `[Link to Blog/Help Docs]`

Our comprehensive knowledge base is also always available for any questions that arise. We're committed to your success and ready to help you thrive with [Your SaaS Name].

Sincerely,

The [Your SaaS Name] Team
Account ID: A-671f31",2026-03-16 09:31:07.116527 UTC,
,A-671f31,0.391,Critical,email,"Subject: Unlock the Full Potential of Your [SaaS Product Name] Account (A-671f31)

Dear [Customer Name],

We're reaching out from [Your Company Name] regarding your [SaaS Product Name] account, A-671f31.

We appreciate you choosing us and are committed to ensuring you derive maximum value from our platform. Our goal is to empower you to easily leverage [SaaS Product Name]'s core capabilities to achieve your objectives efficiently.

To help you quickly get started and explore the powerful features designed for your success, we've curated a few essential resources:

*   **Quick Start Guide:** [Link to your Quick Start Guide/Onboarding Checklist] – Your straightforward path to initial setup and activation.
*   **Key Feature Highlights:** [Link to a page/video showcasing popular features] – Discover the functionalities our most successful users rely on.
*   **Best Practice Resources:** [Link to your knowledge base/blog with tips] – Expert tips to optimize your workflow and maximize results.

We encourage you to explore these guides at your convenience. We are here to support your journey and help you transform your [mention a key customer pain point/area, e.g., productivity, data management, collaboration] with [SaaS Product Name].

Sincerely,

The [Your Company Name] Team",2026-03-24 09:20:35.228000 UTC,
,A-856b1e,0.301,critical,email,"Subject: Making the Most of Your [Your SaaS Name] - 
Account A-856b1e** 
Hi [Customer Name], 
We're reaching out from [Your SaaS Name] because we want to ensure your team at Account A-856b1e is fully experiencing the benefits and value our platform offers. 
Our aim is always to help you [reiterate core value proposition, e.g., simplify your workflow, achieve your goals]. 
We understand that sometimes it can be challenging to discover all the powerful features available or integrate them seamlessly into your daily routine. 
We're here to support you in unlocking our platform's full potential. 
To help you get started quickly or rediscover key functionalities, we highly recommend exploring our 

**""Jumpstart Your Workflow"" tutorial**. 
It’s designed to highlight essential features and actionable tips that deliver immediate impact. 
Click here to watch the tutorial and boost your productivity: [Link to Jumpstart Tutorial/Key Feature Walkthrough] 
We're committed to your success. Warmly, 

The [Your SaaS Name] Team",2026-03-11 10:59:33.792173 UTC,
,A-856b1e,0.305,Critical,email,"Subject: Ensuring You're Maximizing Value with [Your SaaS Name]

Dear [Customer Name],

Hope you're having a productive week.

As a valued long-term customer of [Your SaaS Name], we're committed to ensuring you're getting the most out of your investment. We periodically review account usage to ensure our clients are fully leveraging the powerful capabilities within our platform.

We've noticed there might be some untapped potential for your team to benefit even further from [Your SaaS Name]. Many of our users find significant value in leveraging our **reporting and analytics tools** for deeper insights, or utilizing our **automation features** to streamline their workflows and save time.

To help you unlock these benefits and more, we’ve curated an updated resource center with new tutorials, best practices, and quick-start guides designed to highlight ways to maximize your experience.

You can explore these valuable resources here:
[Link to Knowledge Base / Help Center / Feature Tour]

We encourage you to explore these materials at your convenience. We’re dedicated to your success and continually evolving [Your SaaS Name] to help you achieve your goals.

Best regards,

The Team at [Your Company Name]",2026-03-20 11:53:46.272143 UTC,
,A-856b1e,0.326,Critical,email,"Subject: Maximizing Your [Your SaaS Product Name] Value – Account A-856b1e

Hello Account A-856b1e Team,

We're reaching out as part of our commitment to ensuring all our customers fully leverage their investment in [Your SaaS Product Name]. We've noted that usage for Account A-856b1e has been lower than expected recently, and we want to help you re-engage and unlock the platform's full potential.

To assist your team in getting the most out of [Your SaaS Product Name], we’ve highlighted some key resources designed to enhance your experience and workflow:

*   **Getting Started & Advanced Guides:** Refresh your understanding or discover new functionalities. [Link to Knowledge Base]
*   **Best Practice Library:** Explore industry-specific use cases and optimization strategies. [Link to Best Practices Articles]
*   **What's New in [SaaS Product Name]:** See our latest updates and how they can benefit you. [Link to Product Updates Page]

Our goal is your continued success, and we encourage you to explore these resources at your convenience. We believe they can help you maximize the value [Your SaaS Product Name] delivers.

Sincerely,

The [Your SaaS Company] Team",2026-03-30 09:57:39.741135 UTC,
,A-88c6ca,0.399,Critical,email,"Subject: Maximizing Your Value with [Product Name]

Hi there,

We're committed to ensuring you achieve the greatest possible success with [Product Name]. Our aim is for every customer to leverage our platform to its fullest potential.

To help you discover key features and optimize your experience, we've curated a few valuable resources that our most successful users find beneficial:

*   **Quick Start Guide:** [Link to your ""Getting Started"" or ""Key Features"" page]
*   **Best Practices:** [Link to an article on common use cases or best practices]
*   **Full Resource Library:** [Link to your knowledge base or support center]

We encourage you to explore these materials at your convenience to unlock all the capabilities [Product Name] offers.

Best regards,

The [Your Company Name] Team",2026-03-11 13:45:43.953387 UTC,
,A-9a532a,0.327,Critical,email,"Subject: Maximizing Your [SaaS Name] Impact – Account A-9a532a

Dear Valued User,

We're reaching out regarding your account, A-9a532a, because we want to ensure you're fully leveraging the capabilities of [SaaS Name] to achieve your goals.

Our platform is continuously evolving, and we want to highlight some key features and best practices that can significantly enhance your workflow and deliver greater value.

We've curated a few resources designed to help you uncover the full potential of your subscription at your own pace:

*   **Quick Start Guide Refresh:** [Link to updated 'Getting Started' or 'Key Features Overview' guide]
*   **Boost Your Productivity Tips:** [Link to a blog post or help article on advanced usage/time-saving tips]
*   **Explore New Integrations:** [Link to a page showcasing recent integrations or overlooked features]

Our aim is to support your success. We encourage you to explore these resources and rediscover how [SaaS Name] can streamline your operations.

Best regards,

The [Your SaaS Name] Team",2026-03-11 11:50:34.046648 UTC,
,A-9a532a,0.328,Critical,email,"Subject: Maximizing Your [Your SaaS Product Name] Experience

Dear [Account ID: A-9a532a] Team,

We hope this email finds you well.

Our core mission at [Your Company Name] is to empower your team to achieve [reiterate your product's primary benefit, e.g., streamline workflows, enhance collaboration, gain deeper insights]. We're committed to ensuring you derive maximum value from your investment in [Your SaaS Product Name].

To help ensure you're fully leveraging the platform's capabilities and achieving your desired outcomes, we've curated a selection of resources that our most successful clients find invaluable:

*   **Getting Started Guides:** A quick refresher on foundational features and initial setup.
*   **Best Practice Articles:** Discover proven strategies to optimize your usage for specific goals.
*   **Feature Spotlights:** Explore advanced functionalities that might further enhance your operations.

You can access all these resources directly within our Help Center: [Link to your Help Center/Knowledge Base].

We encourage you to explore these materials at your convenience to unlock the full potential of [Your SaaS Product Name] for your team.

We are dedicated to your success and are continuously working to improve your experience.

Sincerely,

The [Your Company Name] Team",2026-03-20 11:54:14.952311 UTC,
,A-9a532a,0.325,Critical,email,"Subject: Maximizing Your Impact with [Your SaaS Product]

Hi [Customer Name, if known, otherwise ""Valued User""],

We hope you're finding [Your SaaS Product] a valuable asset for your work. Our goal is always to ensure you're fully leveraging all the powerful features our platform offers to streamline your processes and achieve your objectives.

We want to make sure you're getting the most out of your subscription and truly experiencing the full potential of [Your SaaS Product].

To help you uncover new possibilities or revisit key functionalities, we've curated a few resources designed to quickly enhance your experience:

*   **Quick Start Guides:** Perfect for a refresher or exploring core workflows. [Link to specific 'Getting Started' page or category]
*   **Feature Spotlight:** Discover tools you might not be using yet, like our advanced reporting or automation rules. [Link to a page highlighting 2-3 key features]
*   **Best Practices Library:** Tips and tricks from power users to optimize your processes. [Link to a 'Best Practices' blog post or knowledge base section]

We're dedicated to helping you succeed and hope these resources empower you to unlock even greater value from [Your SaaS Product].

Best regards,

The Team at [Your SaaS Product]",2026-03-30 09:57:03.055682 UTC,
,A-9f2731,0.365,Critical,email,"Subject: A Quick Check-in: Maximizing Your [Your Product Name] Experience

Dear Account A-9f2731,

We're writing to ensure you're getting the most value from your [Your Product Name] subscription. Our goal is to empower you to utilize all the features that can benefit your work.

To help you unlock the full potential of your account, we encourage you to explore our comprehensive Help Center and library of on-demand tutorials. These resources are designed to provide quick answers and guided walkthroughs, helping you discover powerful features and streamline your workflow at your own pace.

We are dedicated to your success and want to make sure your experience is seamless and productive.

Should any specific questions arise as you explore, please don't hesitate to reply to this email.

Best regards,

The [Your Company Name] Team",2026-03-11 11:49:56.536467 UTC,
,A-9f2731,0.379,Critical,email,"Subject: Getting the Most from Your [SaaS Product Name] - Account A-9f2731

Dear [Customer Name],

We're reaching out from [Your Company Name] to ensure you're fully leveraging your [SaaS Product Name] subscription. Our goal is to help you achieve the best possible results, and we want to make sure you're set up for success from day one.

[SaaS Product Name] is designed to streamline your [specific process, e.g., project management, data analysis, customer communication] and boost your [desired outcome, e.g., efficiency, insights, engagement].

To help you quickly get up to speed or discover powerful, often-missed features, we've curated some essential resources:

*   **Quick Start Guide:** [Link to your Quick Start Guide/Onboarding Checklist]
*   **Key Features Overview:** [Link to a page highlighting 2-3 core, high-impact features]
*   **Best Practices & Tips:** [Link to a blog post or section of your knowledge base with actionable advice]

We're committed to your success and hope these resources empower you to unlock the full potential of your account.

Best regards,

The [Your Company Name] Team",2026-03-20 11:53:30.401838 UTC,
,A-9f2731,0.385,Critical,email,"Subject: Ensuring Your Success with [SaaS Product Name] | Account A-9f2731

Dear Account A-9f2731,

We're committed to helping you realize the full potential of your [SaaS Product Name] subscription.

Our platform offers a range of features designed to help you achieve your goals, and we want to ensure you're maximizing your investment. We encourage you to explore our comprehensive resource library, including quick-start guides and best practice articles, to optimize your experience and discover new ways our platform can support your work.

We're here to support your ongoing success.

Sincerely,

The [Your Company Name] Team",2026-03-30 09:57:26.256643 UTC,
,A-5c9849,0.376,Critical,email,"Subject: Optimizing Your [Product Name] Experience – Account A-5c9849

Dear [Customer Name],

We're reaching out from [Your Company Name] to ensure you're getting the most out of your experience with [Product Name]. Our goal is to help you fully leverage its capabilities to achieve your objectives.

We've noticed you've been exploring [Product Name], and we want to ensure you're discovering all the features designed to deliver maximum value. To help you further, we encourage you to revisit our dedicated resource center at [Link to Knowledge Base/Help Center]. It's packed with quick-start guides, tutorials, and tips on utilizing key functionalities that users often find most impactful.

If you have any specific questions as you continue to explore or if there's anything we can clarify, please simply reply to this email. Our support team is ready to provide the assistance you need.

We are committed to your success and are here to support you every step of the way.

Best regards,

The [Your Company Name] Team",2026-04-08 11:25:32.531518 UTC,
,A-856b1e,0.326,Critical,email,"Subject: A Note Regarding Your [SaaS Name] Experience - Account A-856b1e

Dear [Customer Name, or Valued Partner],

We're reaching out from [Your SaaS Company Name] regarding your account, A-856b1e. We greatly appreciate your partnership and want to ensure you are consistently getting the most value from our platform.

Our internal observations suggest you might not be fully leveraging all the features and benefits [SaaS Name] offers, and we want to ensure your experience is as productive and positive as possible.

To support you, we've put together some key resources designed to help optimize your usage and address common challenges:

*   **[Link 1: e.g., ""Getting Started Guide"" or ""Quick Start Tutorials""]**: Revisit foundational features and best practices.
*   **[Link 2: e.g., ""Maximizing Your Workflow"" or ""Advanced Features Overview""]**: Discover ways to enhance efficiency and unlock deeper capabilities.
*   **[Link 3: e.g., ""Knowledge Base & FAQs""]**: Find answers to frequently asked questions and troubleshooting tips.

Our commitment is to your success. Please feel free to explore these resources at your convenience, which are designed to empower you with the tools and information to thrive with [SaaS Name].

Sincerely,

The [Your SaaS Company Name] Team",2026-04-08 11:26:19.662636 UTC,